TEAM_ID,TEAM_NAME,GP,W,L,W_PCT,MIN,FGM,FGA,FG_PCT,FG3M,FG3A,FG3_PCT,FTM,FTA,FT_PCT,OREB,DREB,REB,AST,TOV,STL,BLK,BLKA,PF,PFD,PTS,PLUS_MINUS,GP_RANK,W_RANK,L_RANK,W_PCT_RANK,MIN_RANK,FGM_RANK,FGA_RANK,FG_PCT_RANK,FG3M_RANK,FG3A_RANK,FG3_PCT_RANK,FTM_RANK,FTA_RANK,FT_PCT_RANK,OREB_RANK,DREB_RANK,REB_RANK,AST_RANK,TOV_RANK,STL_RANK,BLK_RANK,BLKA_RANK,PF_RANK,PFD_RANK,PTS_RANK,PLUS_MINUS_RANK
1610612738,Boston Celtics,9,5,4,0.556,432.0,321,757,0.424,102,297,0.343,175,218,0.803,67,363,430,193,133.0,53,34,39,187,189,919,-13.0,8,8,1,5,8,8,8,11,8,8,7,8,8,5,9,8,8,8,9,8,8,8,9,8,8,7
1610612751,Brooklyn Nets,5,1,4,0.2,240.0,192,457,0.42,55,170,0.324,118,146,0.808,56,146,202,96,71.0,38,14,30,114,121,557,-55.0,11,11,1,11,11,11,11,12,10,12,14,11,11,4,12,14,14,13,4,11,15,5,5,11,11,13
1610612743,Denver Nuggets,14,7,7,0.5,692.0,559,1263,0.443,134,389,0.344,276,353,0.782,183,485,668,336,137.0,80,65,66,298,307,1528,26.0,5,5,13,7,5,5,5,8,6,6,6,5,5,7,3,5,5,4,10,6,5,12,12,5,5,6
1610612765,Detroit Pistons,4,0,4,0.0,192.0,150,387,0.388,44,133,0.331,48,66,0.727,43,126,169,92,42.0,29,16,35,97,80,392,-95.0,15,15,1,15,15,15,15,16,15,15,13,16,16,15,15,16,15,15,1,16,14,6,3,15,15,16
1610612744,Golden State Warriors,22,14,8,0.636,1066.0,904,1895,0.477,268,720,0.372,435,535,0.813,223,730,953,625,328.0,163,125,85,511,490,2511,74.0,2,2,14,3,2,1,2,1,2,2,1,2,2,3,1,2,2,1,16,2,1,14,15,2,2,3
1610612745,Houston Rockets,11,6,5,0.545,533.0,409,922,0.444,172,470,0.366,204,267,0.764,106,366,472,201,174.0,94,56,51,238,237,1194,35.0,7,7,10,6,7,7,7,7,5,5,2,7,7,11,7,7,7,7,11,5,7,11,10,7,7,5
1610612754,Indiana Pacers,4,0,4,0.0,192.0,134,334,0.401,40,119,0.336,59,82,0.72,32,129,161,83,48.0,33,14,12,80,78,367,-30.0,15,15,1,15,15,16,16,13,16,16,10,15,15,16,16,15,16,16,2,12,15,1,1,16,16,11
1610612746,LA Clippers,6,2,4,0.333,288.0,239,535,0.447,69,190,0.363,141,173,0.815,60,181,241,152,90.0,48,20,45,150,155,688,-59.0,10,10,1,10,10,10,10,5,9,9,3,9,9,2,10,10,10,9,8,9,12,10,8,9,10,14
1610612749,Milwaukee Bucks,15,10,5,0.667,730.0,597,1325,0.451,192,571,0.336,306,420,0.729,152,627,779,375,195.0,100,96,71,327,350,1692,132.0,4,3,10,1,4,4,4,4,3,3,9,3,3,14,5,3,3,3,12,4,3,13,13,4,4,1
1610612760,Oklahoma City Thunder,5,1,4,0.2,240.0,189,430,0.44,52,157,0.331,96,127,0.756,51,165,216,113,76.0,33,27,29,121,117,526,-29.0,11,11,1,11,11,12,13,9,11,13,12,12,13,12,13,13,13,12,5,12,10,4,6,12,12,10
1610612753,Orlando Magic,5,1,4,0.2,240.0,161,415,0.388,52,174,0.299,86,111,0.775,48,169,217,95,78.0,33,20,21,94,115,460,-72.0,11,11,1,11,11,14,14,15,11,11,15,14,14,8,14,12,12,14,7,12,12,2,2,13,14,15
1610612755,Philadelphia 76ers,12,7,5,0.583,576.0,473,1030,0.459,113,341,0.331,245,310,0.79,137,445,582,293,198.0,76,65,41,269,265,1304,36.0,6,5,10,4,6,6,6,3,7,7,11,6,6,6,6,6,6,6,13,7,5,9,11,6,6,4
1610612757,Portland Trail Blazers,16,8,8,0.5,793.0,631,1447,0.436,189,525,0.36,304,397,0.766,183,540,723,316,206.0,110,82,94,364,365,1755,-22.0,3,4,14,7,3,3,3,10,4,4,4,4,4,10,3,4,4,5,14,3,4,15,14,3,3,9
1610612759,San Antonio Spurs,7,3,4,0.429,336.0,276,596,0.463,47,139,0.338,124,161,0.77,75,241,316,148,59.0,32,28,25,136,140,723,-13.0,9,9,1,9,9,9,9,2,13,14,8,10,10,9,8,9,9,10,3,15,9,3,7,10,9,7
1610612761,Toronto Raptors,24,16,8,0.667,1162.0,904,2034,0.444,286,827,0.346,464,559,0.83,199,817,1016,541,290.0,193,110,120,543,522,2558,131.0,1,1,14,1,1,1,1,6,1,1,5,1,1,1,2,1,1,2,15,1,2,16,16,1,1,2
1610612762,Utah Jazz,5,1,4,0.2,240.0,173,432,0.4,47,179,0.263,96,128,0.75,59,177,236,115,76.0,46,27,35,109,107,489,-46.0,11,11,1,11,11,13,12,14,13,10,16,12,12,13,11,11,11,11,5,10,10,6,4,14,13,12
